{
    "": "minecraft:condition",
    "model": {
      "type": "minecraft:composite",
      "models": [
        {
          "type": "minecraft:model",
          "model": "minecraft:item/diamond_shovel"
        },
        {
          "type": "minecraft:condition",
          "property": "minecraft:component",
          "predicate": "minecraft:enchantments",
          "value": [
            {
              "enchantments": "minecraft:efficiency"
            }
          ],
          "on_true": {
            "type": "minecraft:model",
            "model": "minecraft:item/efficiencyshovel"
          },
          "on_false": {
            "type": "minecraft:empty"
          }
        },
        {
          "type": "minecraft:condition",
          "property": "minecraft:component",
          "predicate": "minecraft:enchantments",
          "value": [
            {
              "enchantments": "minecraft:fortune"
            }
          ],
          "on_true": {
            "type": "minecraft:model",
            "model": "minecraft:item/fortuneshovel"
          },
          "on_false": {
            "type": "minecraft:empty"
          }
        },
        {
          "type": "minecraft:condition",
          "property": "minecraft:component",
          "predicate": "minecraft:enchantments",
          "value": [
            {
              "enchantments": "minecraft:mending"
            }
          ],
          "on_true": {
            "type": "minecraft:model",
            "model": "minecraft:item/mendingshovel"
          },
          "on_false": {
            "type": "minecraft:empty"
          }
        },
        {
          "type": "minecraft:condition",
          "property": "minecraft:component",
          "predicate": "minecraft:enchantments",
          "value": [
            {
              "enchantments": "minecraft:silk_touch"
            }
          ],
          "on_true": {
            "type": "minecraft:model",
            "model": "minecraft:item/silktouchshovel"
          },
          "on_false": {
            "type": "minecraft:empty"
          }
        },
        {
          "type": "minecraft:condition",
          "property": "minecraft:component",
          "predicate": "minecraft:enchantments",
          "value": [
            {
              "enchantments": "minecraft:unbreaking"
            }
          ],
          "on_true": {
            "type": "minecraft:model",
            "model": "minecraft:item/unbreakingshovel"
          },
          "on_false": {
            "type": "minecraft:empty"
          }
        }
      ]
    }
  }